<?xml version="1.0" encoding="UTF-8"?>
<GenRun Id="synth_1" LaunchPart="xc7a35tcpg236-1" LaunchTime="1680184488">
  <File Type="PA-TCL" Name="Top_Student.tcl"/>
  <File Type="REPORTS-TCL" Name="Top_Student_reports.tcl"/>
  <File Type="RDS-RDS" Name="Top_Student.vds"/>
  <File Type="RDS-UTIL" Name="Top_Student_utilization_synth.rpt"/>
  <File Type="RDS-UTIL-PB" Name="Top_Student_utilization_synth.pb"/>
  <File Type="RDS-DCP" Name="Top_Student.dcp"/>
  <FileSet Name="sources" Type="DesignSrcs" RelSrcDir="$PSRCDIR/sources_1">
    <Filter Type="Srcs"/>
    <File Path="$PSRCDIR/sources_1/new/Artemis_Individual.v">
      <FileInfo>
        <Attr Name="ImportPath" Val="$PPRDIR/../../../../../../../Downloads/MouseAudioDisplay.xpr/MouseAudioDisplay/MouseAudioDisplay.srcs/sources_1/new/Artemis_Individual.v"/>
        <Attr Name="ImportTime" Val="1679094493"/>
        <Attr Name="UsedIn" Val="synthesis"/>
        <Attr Name="UsedIn" Val="implementation"/>
        <Attr Name="UsedIn" Val="simulation"/>
      </FileInfo>
    </File>
    <File Path="$PSRCDIR/sources_1/imports/Desktop/Audio_Input.v">
      <FileInfo>
        <Attr Name="ImportPath" Val="$PPRDIR/../../../../../../../../../../../../../../../../../../../../../../Audio_Input.v"/>
        <Attr Name="ImportTime" Val="1570395502"/>
        <Attr Name="UsedIn" Val="synthesis"/>
        <Attr Name="UsedIn" Val="implementation"/>
        <Attr Name="UsedIn" Val="simulation"/>
      </FileInfo>
    </File>
    <File Path="$PSRCDIR/sources_1/new/Game_Over_Image.v">
      <FileInfo>
        <Attr Name="ImportPath" Val="$PPRDIR/../../../../../../../Downloads/MouseAudioDisplay.xpr/MouseAudioDisplay/MouseAudioDisplay.srcs/sources_1/new/Game_Over_Image.v"/>
        <Attr Name="ImportTime" Val="1678898122"/>
        <Attr Name="UsedIn" Val="synthesis"/>
        <Attr Name="UsedIn" Val="implementation"/>
        <Attr Name="UsedIn" Val="simulation"/>
      </FileInfo>
    </File>
    <File Path="$PSRCDIR/sources_1/new/Get_Sprite.v">
      <FileInfo>
        <Attr Name="ImportPath" Val="$PPRDIR/../../../../../../../Downloads/MouseAudioDisplay.xpr/MouseAudioDisplay/MouseAudioDisplay.srcs/sources_1/new/Get_Sprite.v"/>
        <Attr Name="ImportTime" Val="1679092253"/>
        <Attr Name="UsedIn" Val="synthesis"/>
        <Attr Name="UsedIn" Val="implementation"/>
        <Attr Name="UsedIn" Val="simulation"/>
      </FileInfo>
    </File>
    <File Path="$PSRCDIR/sources_1/new/Menu_Data.v">
      <FileInfo>
        <Attr Name="ImportPath" Val="$PPRDIR/../../../../../../../Downloads/MouseAudioDisplay.xpr/MouseAudioDisplay/MouseAudioDisplay.srcs/sources_1/new/Menu_Data.v"/>
        <Attr Name="ImportTime" Val="1678897769"/>
        <Attr Name="UsedIn" Val="synthesis"/>
        <Attr Name="UsedIn" Val="implementation"/>
        <Attr Name="UsedIn" Val="simulation"/>
      </FileInfo>
    </File>
    <File Path="$PSRCDIR/sources_1/new/Naz_Individual.v">
      <FileInfo>
        <Attr Name="ImportPath" Val="$PPRDIR/../../../../MouseAudioDisplay.srcs/sources_1/new/Naz_Individual.v"/>
        <Attr Name="ImportTime" Val="1680183673"/>
        <Attr Name="UsedIn" Val="synthesis"/>
        <Attr Name="UsedIn" Val="implementation"/>
        <Attr Name="UsedIn" Val="simulation"/>
      </FileInfo>
    </File>
    <File Path="$PSRCDIR/sources_1/imports/Desktop/Oled_Display.v">
      <FileInfo>
        <Attr Name="ImportPath" Val="$PPRDIR/../../../../../../../../../../../../../../../../../../../../../../Oled_Display.v"/>
        <Attr Name="ImportTime" Val="1570395512"/>
        <Attr Name="UsedIn" Val="synthesis"/>
        <Attr Name="UsedIn" Val="implementation"/>
        <Attr Name="UsedIn" Val="simulation"/>
      </FileInfo>
    </File>
    <File Path="$PSRCDIR/sources_1/new/Win_Data.v">
      <FileInfo>
        <Attr Name="ImportPath" Val="$PPRDIR/../../../../../../../Downloads/MouseAudioDisplay.xpr/MouseAudioDisplay/MouseAudioDisplay.srcs/sources_1/new/Win_Data.v"/>
        <Attr Name="ImportTime" Val="1678898153"/>
        <Attr Name="UsedIn" Val="synthesis"/>
        <Attr Name="UsedIn" Val="implementation"/>
        <Attr Name="UsedIn" Val="simulation"/>
      </FileInfo>
    </File>
    <File Path="$PSRCDIR/sources_1/new/clock_divider.v">
      <FileInfo>
        <Attr Name="ImportPath" Val="$PPRDIR/../../../../MouseAudioDisplay.srcs/sources_1/new/clock_divider.v"/>
        <Attr Name="ImportTime" Val="1679937702"/>
        <Attr Name="UsedIn" Val="synthesis"/>
        <Attr Name="UsedIn" Val="implementation"/>
        <Attr Name="UsedIn" Val="simulation"/>
      </FileInfo>
    </File>
    <File Path="$PSRCDIR/sources_1/new/game_end_sound.v">
      <FileInfo>
        <Attr Name="ImportPath" Val="$PPRDIR/../../../../MouseAudioDisplay.srcs/sources_1/new/game_end_sound.v"/>
        <Attr Name="ImportTime" Val="1679937702"/>
        <Attr Name="UsedIn" Val="synthesis"/>
        <Attr Name="UsedIn" Val="implementation"/>
        <Attr Name="UsedIn" Val="simulation"/>
      </FileInfo>
    </File>
    <File Path="$PSRCDIR/sources_1/new/music_box.v">
      <FileInfo>
        <Attr Name="ImportPath" Val="$PPRDIR/../../../../MouseAudioDisplay.srcs/sources_1/new/music_box.v"/>
        <Attr Name="ImportTime" Val="1680092389"/>
        <Attr Name="UsedIn" Val="synthesis"/>
        <Attr Name="UsedIn" Val="implementation"/>
        <Attr Name="UsedIn" Val="simulation"/>
      </FileInfo>
    </File>
    <File Path="$PSRCDIR/sources_1/new/naz_ld_control.v">
      <FileInfo>
        <Attr Name="ImportPath" Val="$PPRDIR/../../../../MouseAudioDisplay.srcs/sources_1/new/naz_ld_control.v"/>
        <Attr Name="ImportTime" Val="1680173493"/>
        <Attr Name="UsedIn" Val="synthesis"/>
        <Attr Name="UsedIn" Val="implementation"/>
        <Attr Name="UsedIn" Val="simulation"/>
      </FileInfo>
    </File>
    <File Path="$PSRCDIR/sources_1/new/naz_oled_control.v">
      <FileInfo>
        <Attr Name="ImportPath" Val="$PPRDIR/../../../../MouseAudioDisplay.srcs/sources_1/new/naz_oled_control.v"/>
        <Attr Name="ImportTime" Val="1680180696"/>
        <Attr Name="UsedIn" Val="synthesis"/>
        <Attr Name="UsedIn" Val="implementation"/>
        <Attr Name="UsedIn" Val="simulation"/>
      </FileInfo>
    </File>
    <File Path="$PSRCDIR/sources_1/new/naz_seg_control.v">
      <FileInfo>
        <Attr Name="ImportPath" Val="$PPRDIR/../../../../MouseAudioDisplay.srcs/sources_1/new/naz_seg_control.v"/>
        <Attr Name="ImportTime" Val="1680173493"/>
        <Attr Name="UsedIn" Val="synthesis"/>
        <Attr Name="UsedIn" Val="implementation"/>
        <Attr Name="UsedIn" Val="simulation"/>
      </FileInfo>
    </File>
    <File Path="$PSRCDIR/sources_1/new/num_to_count.v">
      <FileInfo>
        <Attr Name="ImportPath" Val="$PPRDIR/../../../../MouseAudioDisplay.srcs/sources_1/new/num_to_count.v"/>
        <Attr Name="ImportTime" Val="1679937702"/>
        <Attr Name="UsedIn" Val="synthesis"/>
        <Attr Name="UsedIn" Val="implementation"/>
        <Attr Name="UsedIn" Val="simulation"/>
      </FileInfo>
    </File>
    <File Path="$PSRCDIR/sources_1/new/play_note.v">
      <FileInfo>
        <Attr Name="ImportPath" Val="$PPRDIR/../../../../MouseAudioDisplay.srcs/sources_1/new/play_note.v"/>
        <Attr Name="ImportTime" Val="1679937702"/>
        <Attr Name="UsedIn" Val="synthesis"/>
        <Attr Name="UsedIn" Val="implementation"/>
        <Attr Name="UsedIn" Val="simulation"/>
      </FileInfo>
    </File>
    <File Path="$PSRCDIR/sources_1/new/play_team_sound.v">
      <FileInfo>
        <Attr Name="ImportPath" Val="$PPRDIR/../../../../MouseAudioDisplay.srcs/sources_1/new/play_team_sound.v"/>
        <Attr Name="ImportTime" Val="1680092389"/>
        <Attr Name="UsedIn" Val="synthesis"/>
        <Attr Name="UsedIn" Val="implementation"/>
        <Attr Name="UsedIn" Val="simulation"/>
      </FileInfo>
    </File>
    <File Path="$PSRCDIR/sources_1/new/push_button_output.v">
      <FileInfo>
        <Attr Name="ImportPath" Val="$PPRDIR/../../../../MouseAudioDisplay.srcs/sources_1/new/push_button_output.v"/>
        <Attr Name="ImportTime" Val="1679937702"/>
        <Attr Name="UsedIn" Val="synthesis"/>
        <Attr Name="UsedIn" Val="implementation"/>
        <Attr Name="UsedIn" Val="simulation"/>
      </FileInfo>
    </File>
    <File Path="$PSRCDIR/sources_1/new/rgb_color.v">
      <FileInfo>
        <Attr Name="ImportPath" Val="$PPRDIR/../../../../../../../Downloads/MouseAudioDisplay.xpr/MouseAudioDisplay/MouseAudioDisplay.srcs/sources_1/new/rgb_color.v"/>
        <Attr Name="ImportTime" Val="1679069605"/>
        <Attr Name="UsedIn" Val="synthesis"/>
        <Attr Name="UsedIn" Val="implementation"/>
        <Attr Name="UsedIn" Val="simulation"/>
      </FileInfo>
    </File>
    <File Path="$PSRCDIR/sources_1/new/rgb_color_update.v">
      <FileInfo>
        <Attr Name="ImportPath" Val="$PPRDIR/../../../../../../../Downloads/MouseAudioDisplay.xpr/MouseAudioDisplay/MouseAudioDisplay.srcs/sources_1/new/rgb_color_update.v"/>
        <Attr Name="ImportTime" Val="1679069909"/>
        <Attr Name="UsedIn" Val="synthesis"/>
        <Attr Name="UsedIn" Val="implementation"/>
        <Attr Name="UsedIn" Val="simulation"/>
      </FileInfo>
    </File>
    <File Path="$PSRCDIR/sources_1/new/save_note.v">
      <FileInfo>
        <Attr Name="ImportPath" Val="$PPRDIR/../../../../MouseAudioDisplay.srcs/sources_1/new/save_note.v"/>
        <Attr Name="ImportTime" Val="1679937702"/>
        <Attr Name="UsedIn" Val="synthesis"/>
        <Attr Name="UsedIn" Val="implementation"/>
        <Attr Name="UsedIn" Val="simulation"/>
      </FileInfo>
    </File>
    <File Path="$PSRCDIR/sources_1/new/sz_individual.v">
      <FileInfo>
        <Attr Name="ImportPath" Val="$PPRDIR/../../../../MouseAudioDisplay.srcs/sources_1/new/sz_individual.v"/>
        <Attr Name="ImportTime" Val="1680092389"/>
        <Attr Name="UsedIn" Val="synthesis"/>
        <Attr Name="UsedIn" Val="implementation"/>
        <Attr Name="UsedIn" Val="simulation"/>
      </FileInfo>
    </File>
    <File Path="$PSRCDIR/sources_1/new/team_ld_control.v">
      <FileInfo>
        <Attr Name="ImportPath" Val="$PPRDIR/../../../../MouseAudioDisplay.srcs/sources_1/new/team_ld_control.v"/>
        <Attr Name="ImportTime" Val="1680173493"/>
        <Attr Name="UsedIn" Val="synthesis"/>
        <Attr Name="UsedIn" Val="implementation"/>
        <Attr Name="UsedIn" Val="simulation"/>
      </FileInfo>
    </File>
    <File Path="$PSRCDIR/sources_1/new/team_output.v">
      <FileInfo>
        <Attr Name="ImportPath" Val="$PPRDIR/../../../../MouseAudioDisplay.srcs/sources_1/new/team_output.v"/>
        <Attr Name="ImportTime" Val="1680184415"/>
        <Attr Name="UsedIn" Val="synthesis"/>
        <Attr Name="UsedIn" Val="implementation"/>
        <Attr Name="UsedIn" Val="simulation"/>
      </FileInfo>
    </File>
    <File Path="$PSRCDIR/sources_1/new/team_seg_control.v">
      <FileInfo>
        <Attr Name="ImportPath" Val="$PPRDIR/../../../../MouseAudioDisplay.srcs/sources_1/new/team_seg_control.v"/>
        <Attr Name="ImportTime" Val="1680180094"/>
        <Attr Name="UsedIn" Val="synthesis"/>
        <Attr Name="UsedIn" Val="implementation"/>
        <Attr Name="UsedIn" Val="simulation"/>
      </FileInfo>
    </File>
    <File Path="$PSRCDIR/sources_1/new/unit_clk.v">
      <FileInfo>
        <Attr Name="ImportPath" Val="$PPRDIR/../../../../MouseAudioDisplay.srcs/sources_1/new/unit_clk.v"/>
        <Attr Name="ImportTime" Val="1679479680"/>
        <Attr Name="UsedIn" Val="synthesis"/>
        <Attr Name="UsedIn" Val="implementation"/>
        <Attr Name="UsedIn" Val="simulation"/>
      </FileInfo>
    </File>
    <File Path="$PSRCDIR/sources_1/new/volume_bars.v">
      <FileInfo>
        <Attr Name="ImportPath" Val="$PPRDIR/../../../../MouseAudioDisplay.srcs/sources_1/new/volume_bars.v"/>
        <Attr Name="ImportTime" Val="1680184262"/>
        <Attr Name="UsedIn" Val="synthesis"/>
        <Attr Name="UsedIn" Val="implementation"/>
        <Attr Name="UsedIn" Val="simulation"/>
      </FileInfo>
    </File>
    <File Path="$PSRCDIR/sources_1/imports/Desktop/Audio_Output.vhd">
      <FileInfo>
        <Attr Name="ImportPath" Val="$PPRDIR/../../../../../../../../../../../../../../../../../../../../../../Audio_Output.vhd"/>
        <Attr Name="ImportTime" Val="1677251482"/>
        <Attr Name="UsedIn" Val="synthesis"/>
        <Attr Name="UsedIn" Val="simulation"/>
      </FileInfo>
    </File>
    <File Path="$PSRCDIR/sources_1/imports/Desktop/Mouse_Control.vhd">
      <FileInfo>
        <Attr Name="ImportPath" Val="$PPRDIR/../../../../../../../../../../../../../../../../../../../../../../Mouse_Control.vhd"/>
        <Attr Name="ImportTime" Val="1676185106"/>
        <Attr Name="UsedIn" Val="synthesis"/>
        <Attr Name="UsedIn" Val="simulation"/>
      </FileInfo>
    </File>
    <File Path="$PSRCDIR/sources_1/imports/Desktop/Ps2Interface.vhd">
      <FileInfo>
        <Attr Name="ImportPath" Val="$PPRDIR/../../../../../../../../../../../../../../../../../../../../../../Ps2Interface.vhd"/>
        <Attr Name="ImportTime" Val="1667157208"/>
        <Attr Name="UsedIn" Val="synthesis"/>
        <Attr Name="UsedIn" Val="simulation"/>
      </FileInfo>
    </File>
    <File Path="$PSRCDIR/sources_1/new/Top_Student.v">
      <FileInfo>
        <Attr Name="ImportPath" Val="$PPRDIR/../../../../../../../../../../../../../../../../../../../../../SoundDisplay.srcs/sources_1/new/Top_Student.v"/>
        <Attr Name="ImportTime" Val="1570395690"/>
        <Attr Name="UsedIn" Val="synthesis"/>
        <Attr Name="UsedIn" Val="implementation"/>
        <Attr Name="UsedIn" Val="simulation"/>
      </FileInfo>
    </File>
    <File Path="$PSRCDIR/sources_1/new/tempclk.v">
      <FileInfo>
        <Attr Name="AutoDisabled" Val="1"/>
        <Attr Name="ImportPath" Val="$PPRDIR/../../../../../../../../../../../../../../../../../../../../Downloads/MouseAudioDisplay.xpr/MouseAudioDisplay/MouseAudioDisplay.srcs/sources_1/new/tempclk.v"/>
        <Attr Name="ImportTime" Val="1677653979"/>
        <Attr Name="UsedIn" Val="synthesis"/>
        <Attr Name="UsedIn" Val="implementation"/>
        <Attr Name="UsedIn" Val="simulation"/>
      </FileInfo>
    </File>
    <File Path="$PSRCDIR/sources_1/imports/MouseAudioDisplay/archive_project_summary.txt">
      <FileInfo>
        <Attr Name="ImportPath" Val="$PPRDIR/../../../../archive_project_summary.txt"/>
        <Attr Name="ImportTime" Val="1679095202"/>
      </FileInfo>
    </File>
    <Config>
      <Option Name="DesignMode" Val="RTL"/>
      <Option Name="TopModule" Val="Top_Student"/>
    </Config>
  </FileSet>
  <FileSet Name="constrs_in" Type="Constrs" RelSrcDir="$PSRCDIR/constrs_1">
    <Filter Type="Constrs"/>
    <File Path="$PSRCDIR/constrs_1/new/Basys3_Master.xdc">
      <FileInfo>
        <Attr Name="ImportPath" Val="$PPRDIR/../../../../../../../../../../../../../../../../../../../../../SoundDisplay.srcs/constrs_1/new/Basys3_Master.xdc"/>
        <Attr Name="ImportTime" Val="1570394606"/>
        <Attr Name="UsedIn" Val="synthesis"/>
        <Attr Name="UsedIn" Val="implementation"/>
      </FileInfo>
    </File>
    <Config>
      <Option Name="ConstrsType" Val="XDC"/>
    </Config>
  </FileSet>
  <Strategy Version="1" Minor="2">
    <StratHandle Name="Flow_PerfOptimized_high" Flow="Vivado Synthesis 2018"/>
    <Step Id="synth_design">
      <Option Id="ResourceSharing">2</Option>
      <Option Id="NoCombineLuts">1</Option>
      <Option Id="RepFanoutThreshold">400</Option>
      <Option Id="FsmExtraction">1</Option>
      <Option Id="KeepEquivalentRegisters">1</Option>
      <Option Id="ShregMinSize">5</Option>
    </Step>
  </Strategy>
</GenRun>
